note_id,content,create_time,create_date_time,liked_count,comments_count,shared_count,last_modify_ts,note_url,ip_location,pictures,video_url,user_id,nickname,gender,profile_url,avatar,source_keyword,top_id
QqKcsnZSB,【#山姆你还续卡吗#】#山姆退卡风波# 据新京报，定价+品控多重争议！近期，山姆会员超市499元羽绒服羽绒成本186元引热议，2025年麻薯窜活鼠、蛋糕藏异物等食品安全问题频发，却只靠道歉“救火”。千亿扩张门店翻倍，选品降级、质量缩水，260-680元年费难换“严选品质”，引发退卡风波。#山姆续卡##山姆品控危机引发退卡风波#新京报的微博视频,1770485971,2026-02-07 17:39:31+08:00,1930,479,362,1770538330321,https://m.weibo.cn/detail/QqKcsnZSB,,,,7399555658,红星资本局,f,https://m.weibo.cn/u/7399555658?luicode=20000061&lfid=5263741245719413&launchid=10000360-page_H5,"https://tvax1.sinaimg.cn/crop.0.0.640.640.180/0084LMrUly8h8viewardpj30hs0hst9e.jpg?KID=imgbed,tva&Expires=1770549128&ssig=OzmXAt0O23",,%23%E5%B1%B1%E5%A7%86%E4%BD%A0%E8%BF%98%E7%BB%AD%E5%8D%A1%E5%90%97%23
QqLfrC7O9,问问大家，山姆你还续卡吗？#山姆你还续卡吗#我个人觉得山姆还行，我要是去的话基本都会续卡……他们家超市虽然很大，其实里面的东西还是比较价格高，包装太大了……就比如那个烤鸭，那么大一只一个人根本吃不完，要是能有小的就好了。还有那些面包什么的，包装都是超级超级大，建议可以搞小一点，这样我还能每次去入手点！！！,1770495577,2026-02-07 20:19:37+08:00,218,69,11,1770538421753,https://m.weibo.cn/detail/QqLfrC7O9,上海,"https://wx1.sinaimg.cn/mw2000/0069RexXgy1ia2a29ljwuj30u011iwmv.jpg,https://wx1.sinaimg.cn/mw2000/0069RexXgy1ia2a2caor4j30u011qk06.jpg,https://wx2.sinaimg.cn/mw2000/0069RexXgy1ia2a2hg75gj30u0118qdc.jpg",,5642471321,谁是阿壳,m,https://m.weibo.cn/u/5642471321?luicode=20000061&lfid=5263781539086481&launchid=10000360-page_H5,"https://tvax3.sinaimg.cn/crop.0.0.1080.1080.180/0069RexXly8i6ke0xc6zlj30u00u00v4.jpg?KID=imgbed,tva&Expires=1770549219&ssig=MfQV%2FPrZp3",,%23%E5%B1%B1%E5%A7%86%E4%BD%A0%E8%BF%98%E7%BB%AD%E5%8D%A1%E5%90%97%23
QqKcsnZSB,【#山姆你还续卡吗#】#山姆退卡风波# 据新京报，定价+品控多重争议！近期，山姆会员超市499元羽绒服羽绒成本186元引热议，2025年麻薯窜活鼠、蛋糕藏异物等食品安全问题频发，却只靠道歉“救火”。千亿扩张门店翻倍，选品降级、质量缩水，260-680元年费难换“严选品质”，引发退卡风波。#山姆续卡##山姆品控危机引发退卡风波#新京报的微博视频,1770485971,2026-02-07 17:39:31+08:00,1930,478,362,1770538530649,https://m.weibo.cn/detail/QqKcsnZSB,,,,7399555658,红星资本局,f,https://m.weibo.cn/u/7399555658?luicode=20000061&lfid=5263741245719413&launchid=10000360-page_H5,"https://tvax1.sinaimg.cn/crop.0.0.640.640.180/0084LMrUly8h8viewardpj30hs0hst9e.jpg?KID=imgbed,tva&Expires=1770549328&ssig=GlQbs1Z5CS",,%23%E5%B1%B1%E5%A7%86%E4%BD%A0%E8%BF%98%E7%BB%AD%E5%8D%A1%E5%90%97%23
QqL6jo38L,#山姆你还续卡吗##山姆品控危机引发退卡风波#家人们谁懂啊！花着大几百的会员费，买的是成本186却卖499的羽绒服，吃的是窜活鼠的麻薯和藏异物的蛋糕。山姆这波操作真的太让人寒心了。一边疯狂开店搞扩张，一边疯狂降品质缩水，道歉倒是快，但问题从来没解决。就想问一句，这样的山姆，你还愿意为它的会员卡买单吗？,1770494228,2026-02-07 19:57:08+08:00,35,9,0,1770539073505,https://m.weibo.cn/detail/QqL6jo38L,广东,"https://wx3.sinaimg.cn/large/007QFTXMgy1ia29f4zwpfj30ku0iq3za.jpg,https://wx1.sinaimg.cn/mw2000/007QFTXMgy1ia29etyhjuj30wi0xh48z.jpg,https://wx3.sinaimg.cn/mw2000/007QFTXMgy1ia29f07mw0j30wi0sptj7.jpg,https://wx1.sinaimg.cn/mw2000/007QFTXMgy1ia29f1lxchj30wi13p7p6.jpg",,7191285870,网瘾少女猪宝,f,https://m.weibo.cn/u/7191285870?luicode=20000061&lfid=5263775875731947&launchid=10000360-page_H5,"https://tvax3.sinaimg.cn/crop.0.0.512.512.180/007QFTXMly8h79mph6dmoj30e80e8mxd.jpg?KID=imgbed,tva&Expires=1770549871&ssig=0DkOKFi%2BCf",,%23%E5%B1%B1%E5%A7%86%E4%BD%A0%E8%BF%98%E7%BB%AD%E5%8D%A1%E5%90%97%23
QqKKI2UQc,#山姆你还续卡吗#今天看到几个山姆的负面热搜，但是国内真有产品能打得赢山姆的超市？武汉山姆最近每天都爆满，每天都排队！ C科技的微博视频 ,1770491034,2026-02-07 19:03:54+08:00,80,70,7,1770539126867,https://m.weibo.cn/detail/QqKKI2UQc,湖北,,,1823630913,C科技,m,https://m.weibo.cn/u/1823630913?luicode=20000061&lfid=5263762480695156&launchid=10000360-page_H5,"https://tva2.sinaimg.cn/crop.0.0.1080.1080.180/6cb26641jw8eniapkb0qhj20u00u00u7.jpg?KID=imgbed,tva&Expires=1770549924&ssig=%2FG4uHUvy93",,%23%E5%B1%B1%E5%A7%86%E4%BD%A0%E8%BF%98%E7%BB%AD%E5%8D%A1%E5%90%97%23
QqLnaxiZB,#山姆你还续卡吗#不得不说山姆的品控和自有品牌还是能打，麻薯瑞士卷烤鸡次次回购，肉蛋奶的品质让人放心，大包装对家庭来说性价比拉满，极速达和免费停车也超方便。但今年品控偶尔翻车、春节加收运费，还有部分商品溢价变高，小家庭买大包装还容易浪费，年费花得总有点膈应。身边有人果断续卡有人直接放弃，我今年十月才到期，先看看山姆会不会有改变吧。,1770496720,2026-02-07 20:38:40+08:00,125,0,0,1770539171526,https://m.weibo.cn/detail/QqLnaxiZB,北京,https://wx1.sinaimg.cn/mw2000/005z56cTly1ia2amb4zihj30xc185dw1.jpg,,5099051423,胖才,m,https://m.weibo.cn/u/5099051423?luicode=20000061&lfid=5263786327937835&launchid=10000360-page_H5,"https://tvax4.sinaimg.cn/crop.0.0.1006.1006.180/005z56cTly8g6kfu6gk8uj30ry0rzmyj.jpg?KID=imgbed,tva&Expires=1770549969&ssig=MKXaR%2FkPP9",,%23%E5%B1%B1%E5%A7%86%E4%BD%A0%E8%BF%98%E7%BB%AD%E5%8D%A1%E5%90%97%23
QqBsohUzG,【“回收商监控记录，里面确实有两个钢珠，整个克重少了有0.3克”#女子黄金手镯断裂竟掉出2颗钢珠#】#店主回应所售黄金手镯藏2颗钢珠#近日，广东深圳，网店店主童先生收到顾客反馈，说在他店铺买的黄金手镯，断了之后竟掉出2颗钢珠，并提供了回收商发的现场监控。代加工方否认动了手脚，童先生紧急召回5个同批次手镯，连库存共7个当着记者的面现场拆验，没有发现钢珠，但是其中两个手镯倒出不少水迹。@第一现场 原创采访店主童先生：“我现在当着你们的面把它拆除，（两个）拆开里面有大量的水。如果拆了几个都发现有钢珠，那肯定是故意的。如果不是就还好。”目前童先生主动赔偿了顾客损失，问题到底出在哪个环节，童先生还在进一步核查中。#黄金手镯藏钢珠同批次产品含水迹# 第一现场的微博视频,1770405843,2026-02-06 19:24:03+08:00,4454,187,469,1770539176424,https://m.weibo.cn/detail/QqBsohUzG,,,,1789681642,第一现场,m,https://m.weibo.cn/u/1789681642?luicode=20000061&lfid=5263405164269052&launchid=10000360-page_H5,"https://tvax3.sinaimg.cn/crop.0.0.1080.1080.180/6aac5fealy8i1pd5xbxk3j20u00u0q3a.jpg?KID=imgbed,tva&Expires=1770549974&ssig=5UPrge%2BaI3",,%23%E5%A5%B3%E5%AD%90%E9%BB%84%E9%87%91%E6%89%8B%E9%95%AF%E6%96%AD%E8%A3%82%E7%AB%9F%E6%8E%89%E5%87%BA2%E9%A2%97%E9%92%A2%E7%8F%A0%23
QqLeitPfs,#女子黄金手镯断裂竟掉出2颗钢珠#刚刚好手镯断裂了，不然都发现不了这两颗钢珠了，主谋也没想到这种情况吧？ ,1770495408,2026-02-07 20:16:48+08:00,123,4,3,1770539219243,https://m.weibo.cn/detail/QqLeitPfs,河北,"https://wx1.sinaimg.cn/large/0082PJbNly1ia29yrvfhfj30k00zkq3x.jpg,https://wx1.sinaimg.cn/mw2000/0082PJbNly1ia29yo4egyj30wi1jkgs8.jpg",,7370943767,次元,f,https://m.weibo.cn/u/7370943767?luicode=20000061&lfid=5263780827108514&launchid=10000360-page_H5,"https://tvax2.sinaimg.cn/crop.0.0.1080.1080.180/0082PJbNly8i8aah9xpn2j30u00u0416.jpg?KID=imgbed,tva&Expires=1770550017&ssig=XL%2B9ImWIRj",,%23%E5%A5%B3%E5%AD%90%E9%BB%84%E9%87%91%E6%89%8B%E9%95%AF%E6%96%AD%E8%A3%82%E7%AB%9F%E6%8E%89%E5%87%BA2%E9%A2%97%E9%92%A2%E7%8F%A0%23
QqLjKoFjZ,#女子黄金手镯断裂竟掉出2颗钢珠#这还真是“鱼目混珠”啊！买贵金属还是得擦亮眼睛，留好发票。 ,1770496214,2026-02-07 20:30:14+08:00,108,26,8,1770539231279,https://m.weibo.cn/detail/QqLjKoFjZ,山东,"https://wx3.sinaimg.cn/mw2000/b4984967ly1ia2adhj549j20zk1rgwqr.jpg,https://wx3.sinaimg.cn/mw2000/b4984967ly1ia2adi1slnj20zk1qr12b.jpg",,3029879143,李玉儿聊车,f,https://m.weibo.cn/u/3029879143?luicode=20000061&lfid=5263784205878715&launchid=10000360-page_H5,"https://tvax4.sinaimg.cn/crop.0.0.1080.1080.180/b4984967ly8i1s3kv6ydzj20u00u0gox.jpg?KID=imgbed,tva&Expires=1770550029&ssig=l6jAhnQG%2FZ",,%23%E5%A5%B3%E5%AD%90%E9%BB%84%E9%87%91%E6%89%8B%E9%95%AF%E6%96%AD%E8%A3%82%E7%AB%9F%E6%8E%89%E5%87%BA2%E9%A2%97%E9%92%A2%E7%8F%A0%23
QqLfVynlF,#女子黄金手镯断裂竟掉出2颗钢珠#本来以为藏得严严实实，谁知道镯子一断当场露馅，偷梁换柱、缺斤少两，把消费者当冤大头耍……花大价钱买的是信任，不是一肚子气。诚信都快成奢侈品了，必须严查这种黑心商家 ,1770495648,2026-02-07 20:20:48+08:00,17,1,0,1770539245912,https://m.weibo.cn/detail/QqLfVynlF,广东,"https://wx4.sinaimg.cn/mw2000/41146feagy1ia2a3t9id0j20wi1drjzh.jpg,https://wx2.sinaimg.cn/mw2000/41146feagy1ia2a3svzktj20qm15pgou.jpg,https://wx1.sinaimg.cn/mw2000/41146feagy1ia2a3tk1rhj20wi1c47ap.jpg",,1091858410,我和我的游戏日常,f,https://m.weibo.cn/u/1091858410?luicode=20000061&lfid=5263781838192907&launchid=10000360-page_H5,"https://tvax4.sinaimg.cn/crop.0.0.731.731.180/41146fealy8hp9y1lt6xpj20kb0kbtat.jpg?KID=imgbed,tva&Expires=1770550043&ssig=lAegotQuuN",,%23%E5%A5%B3%E5%AD%90%E9%BB%84%E9%87%91%E6%89%8B%E9%95%AF%E6%96%AD%E8%A3%82%E7%AB%9F%E6%8E%89%E5%87%BA2%E9%A2%97%E9%92%A2%E7%8F%A0%23
QqLi0nqed,女子黄金手镯断裂竟掉出2颗钢珠？不是，演大如传呢？哈哈哈我服了……金子都敢缺斤少两，怎么敢的？ ,1770495955,2026-02-07 20:25:55+08:00,47,28,0,1770539264092,https://m.weibo.cn/detail/QqLi0nqed,山东,,,4079908808,拾襄幡,f,https://m.weibo.cn/u/4079908808?luicode=20000061&lfid=5263783125582369&launchid=10000360-page_H5,"https://tvax1.sinaimg.cn/crop.0.0.1080.1080.180/f32e77c8ly8i9ah0c4tc4j20u00u0n1s.jpg?KID=imgbed,tva&Expires=1770550062&ssig=el4nm6Durb",,%23%E5%A5%B3%E5%AD%90%E9%BB%84%E9%87%91%E6%89%8B%E9%95%AF%E6%96%AD%E8%A3%82%E7%AB%9F%E6%8E%89%E5%87%BA2%E9%A2%97%E9%92%A2%E7%8F%A0%23
Qq5tIEJV2,#中国网络视听盛典# 百余位艺人同台献艺，二十余家平台集体创作。2月7日腊月廿十盛典红毯19:00，盛典晚会20:00，2026中国网络视听盛典全网上线。让我们相约网络视听盛典现场，重温经典瞬间，见证荧幕传奇再续！#网络视听盛典最期待的节目#   中国网络视听盛典的微博直播 2026中国网络视听盛典 ,1770112766,2026-02-03 09:59:26+08:00,249725,135182,6301,1770539278087,https://m.weibo.cn/detail/Qq5tIEJV2,,,,7943507237,中国网络视听盛典,f,https://m.weibo.cn/u/7943507237?luicode=20000061&lfid=5262175909709636&launchid=10000360-page_H5,"https://tvax1.sinaimg.cn/crop.0.0.783.783.180/008FA96tly8hthexqzc5tj30lr0lr3zg.jpg?KID=imgbed,tva&Expires=1770550076&ssig=i2aIEPReH1",,%23%E4%B8%AD%E5%9B%BD%E7%BD%91%E7%BB%9C%E8%A7%86%E5%90%AC%E7%9B%9B%E5%85%B8%23
QqL8A3rug,肖战压轴亮相网络视听盛典红毯，周正帅气完全满分 解说词全肯定：“肖战展现了极强的角色塑造能力与市场号召力”！ #肖战网络视听出图# #中国网络视听盛典红毯# 搜狐娱乐的微博视频  ,1770494563,2026-02-07 20:02:43+08:00,56052,3497,9399,1770539564594,https://m.weibo.cn/detail/QqL8A3rug,,,,1843633441,搜狐娱乐,m,https://m.weibo.cn/u/1843633441?luicode=20000061&lfid=5263777280820648&launchid=10000360-page_H5,"https://tvax3.sinaimg.cn/crop.3.2.96.96.180/0020LHhfly8h8p8t2d8guj602s02s0sj02.jpg?KID=imgbed,tva&Expires=1770550362&ssig=yzMmAo5TDm",,%23%E4%B8%AD%E5%9B%BD%E7%BD%91%E7%BB%9C%E8%A7%86%E5%90%AC%E7%9B%9B%E5%85%B8%23
QqH4RlVug,#肖战网络视听盛典全篇主讲人#期待2026中国网络视听盛典讲述代表：肖战！等待的时间再看一次肖战去年视听盛典的《和合之家》 ,1770457354,2026-02-07 09:42:34+08:00,3123,90,70,1770539995930,https://m.weibo.cn/detail/QqH4RlVug,四川,"https://wx1.sinaimg.cn/large/008viHcXly1ia1rnftrgbj30u0140ace.jpg,https://wx2.sinaimg.cn/mw2000/008viHcXgy1ia1rnaaoibj30v40dpabr.jpg",,7791585071,油酥饼难吃,f,https://m.weibo.cn/u/7791585071?luicode=20000061&lfid=5263621215225872&launchid=10000360-page_H5,"https://tvax4.sinaimg.cn/crop.0.0.970.970.180/008viHcXly8i1jnratixuj30qy0qy77x.jpg?KID=imgbed,tva&Expires=1770550793&ssig=ra8PgFUiKw",,%23%E4%B8%AD%E5%9B%BD%E7%BD%91%E7%BB%9C%E8%A7%86%E5%90%AC%E7%9B%9B%E5%85%B8%23
QqH42nzg2,网络视听盛典7点红毯，8点开幕，节目单已出、快来看看有没有大家心动的演员？ ,1770457232,2026-02-07 09:40:32+08:00,310,45,7,1770540046677,https://m.weibo.cn/detail/QqH42nzg2,陕西,"https://wx1.sinaimg.cn/mw2000/008tAxGqly1ia1rkpblpcj30go0fkwi4.jpg,https://wx3.sinaimg.cn/mw2000/008tAxGqly1ia1rkq23a8j30qo6vp1l0.jpg",,7766285690,顶流皇后,f,https://m.weibo.cn/u/7766285690?luicode=20000061&lfid=5263620705617078&launchid=10000360-page_H5,"https://tvax2.sinaimg.cn/crop.0.0.512.512.180/008tAxGqly8hwrmrifdbwj30e80e8js9.jpg?KID=imgbed,tva&Expires=1770550844&ssig=n%2FxrBqIlzX",,%23%E4%B8%AD%E5%9B%BD%E7%BD%91%E7%BB%9C%E8%A7%86%E5%90%AC%E7%9B%9B%E5%85%B8%23
QqLbq2ufj,#肖战网络视听出图#肖战网络视听盛典造型出图🆘一直都很权威！！期待今晚的舞台～ ,1770494982,2026-02-07 20:09:42+08:00,27736,834,1033,1770540085778,https://m.weibo.cn/detail/QqLbq2ufj,山西,"https://wx4.sinaimg.cn/mw2000/0073J5Gsly1ia29pammh1j31jk2bb4ba.jpg,https://wx4.sinaimg.cn/mw2000/0073J5Gsly1ia29pb9dlwj31jk2bb7fx.jpg,https://wx3.sinaimg.cn/mw2000/0073J5Gsly1ia29pblbqej31jk2bbqor.jpg,https://wx1.sinaimg.cn/mw2000/0073J5Gsly1ia29pc2pefj31jk2bbkba.jpg,https://wx2.sinaimg.cn/mw2000/0073J5Gsly1ia29pccsu8j31jk2bce1c.jpg,https://wx1.sinaimg.cn/mw2000/0073J5Gsly1ia29pd0ntkj31jk2bc7wh.jpg",,6468005444,星探长,m,https://m.weibo.cn/u/6468005444?luicode=20000061&lfid=5263779040592925&launchid=10000360-page_H5,"https://tvax4.sinaimg.cn/crop.0.0.1023.1023.180/0073J5Gsly8h0ryebw94sj30sf0sfgnp.jpg?KID=imgbed,tva&Expires=1770550883&ssig=%2FRVtVu4X3%2F",,%23%E4%B8%AD%E5%9B%BD%E7%BD%91%E7%BB%9C%E8%A7%86%E5%90%AC%E7%9B%9B%E5%85%B8%23
QqL3DtYtz,田曦薇、闫桉《嫁金钗》雪中吻戏🈶！啊啊啊啊啊啊我一直在尖叫，第一场吻戏#田曦薇闫桉雪中吻戏# ,1770493832,2026-02-07 19:50:32+08:00,7403,261,351,1770540234082,https://m.weibo.cn/detail/QqL3DtYtz,河南,"https://wx2.sinaimg.cn/large/006nnXrXly1ia297nj0tsj30k00zkdh5.jpg,https://wx1.sinaimg.cn/large/006nnXrXly1ia297ppafrj30k00zk3zm.jpg,https://wx2.sinaimg.cn/large/006nnXrXly1ia297rxggvj30k00zkwg9.jpg",,5842362793,第一娱闻联播,m,https://m.weibo.cn/u/5842362793?luicode=20000061&lfid=5263774217143985&launchid=10000360-page_H5,"https://tvax2.sinaimg.cn/crop.0.0.1024.1024.180/006nnXrXly8h8uil0xhabj30sg0sgn01.jpg?KID=imgbed,tva&Expires=1770551032&ssig=drSF4alEVf",,%23%E7%94%B0%E6%9B%A6%E8%96%87%E9%97%AB%E6%A1%89%E9%9B%AA%E4%B8%AD%E5%90%BB%E6%88%8F%23
Qqa52ziFh,不二之臣 今天啥也没干就待播剧第三了！自然热度好高啊，而且敖瑞鹏贡献快50%了！ ,1770154942,2026-02-03 21:42:22+08:00,3636,123,12,1770542046644,https://m.weibo.cn/detail/Qqa52ziFh,云南,https://wx2.sinaimg.cn/mw2000/008uM8Nfgy1i9xpzecrgsj30xi0k2n32.jpg,,7783826285,一颗红芋圆,f,https://m.weibo.cn/u/7783826285?luicode=20000061&lfid=5262352808413231&launchid=10000360-page_H5,"https://tvax4.sinaimg.cn/crop.0.0.511.511.180/008uM8Nfly8hoc4pp38atj30e70e7gmd.jpg?KID=imgbed,tva&Expires=1770552844&ssig=MMhadzUz01",,
